campaign_id,point_id,carrier,time_band,tier,profile_id,kpi,n,median,cv_percent,unstable,target_effect_pct,target_abs,mde,mde_pct,mde_at_power,required_n_breakeven,required_n_at_power,resolves_target_breakeven,resolves_at_power,plan_power,scenario_intrinsic_jitter,scenario_jitter_reason,synthetic
m3-expansion-wave0,SZ-PILOT-01,ctcc,idle,metro,s1_chat,t1_ttft_ms,15,50.186667,13.300443131294784,True,5.0,2.50933335,2.9782468853023936,5.934338865943007,5.4848027027952835,22,72,False,False,0.8,False,network_side_unstable,False
m3-expansion-wave0,SZ-PILOT-01,ctcc,idle,metro,s2_coding_agent,t1_ttft_ms,15,64.1315,13.358201751471588,True,5.0,3.2065750000000004,3.966728824593752,6.185304919725489,7.305212031197582,23,78,False,False,0.8,False,network_side_unstable,False
m3-expansion-wave0,SZ-PILOT-01,ctcc,idle,metro,s3_multimodal,t1_ttft_ms,15,64.72968800000001,13.15347952945932,True,5.0,3.2364844000000006,3.9691875465692834,6.131942960345,7.3097400657951725,23,77,False,False,0.8,False,network_side_unstable,False
m3-expansion-wave0,SZ-PILOT-01,ctcc,idle,metro,s1_chat,n1_rtt_p50_ms,15,64.397,13.617033300180905,True,5.0,3.21985,4.247090945575732,6.595168945099511,7.821532866287535,27,89,False,False,0.8,False,not_applicable,False
m3-expansion-wave0,SZ-PILOT-01,ctcc,idle,metro,s2_coding_agent,n1_rtt_p50_ms,15,73.86,10.444177668721286,True,5.0,3.693,3.4984285356211333,4.736567202303187,6.442780275337276,14,46,True,False,0.8,False,not_applicable,False
m3-expansion-wave0,SZ-PILOT-01,ctcc,idle,metro,s3_multimodal,n1_rtt_p50_ms,15,73.696,11.138096412649524,True,5.0,3.6848,3.7166759399806533,5.043253283734061,6.844709329377942,16,52,False,False,0.8,False,not_applicable,False
m3-expansion-wave0,SZ-PILOT-01,ctcc,idle,metro,s1_chat,u1_goodput_mbps,15,0.1324684377614865,10.722396303432914,True,5.0,0.006623421888074326,0.006602230378967772,4.984002597551041,0.012158807654847198,15,51,True,False,0.8,False,not_applicable,False
m3-expansion-wave0,SZ-PILOT-01,ctcc,idle,metro,s2_coding_agent,u1_goodput_mbps,15,4.47221488834391,3.2249998255367696,False,5.0,0.22361074441719547,0.06631322090142297,1.482782526265843,0.12212383567867173,2,5,True,True,0.8,False,not_applicable,False
m3-expansion-wave0,SZ-PILOT-01,ctcc,idle,metro,s3_multimodal,u1_goodput_mbps,15,5.094070784840058,2.3928224236250646,False,5.0,0.2547035392420029,0.05539612133058371,1.0874627320735792,0.1020186732999844,1,3,True,True,0.8,False,not_applicable,False
